Date_Extracted,Grade_Level,Unit,Resource,Location,Instructional_Moment,Page_Numbers,Improvement_Description,Improvement_Type,Date_Updated
2025-09-09,Kindergarten,Unit 1,Teacher Guide,"Section B, Lesson 7, Activity 2, Launch",,59,"The three dots displayed are from Activity 1, not the Warm-up.",,2025-08-28
2025-09-09,Kindergarten,Unit 2,Teacher Edition Glossary,,,346-347,Number Writing Reference page with 6-10 included.,,2025-08-04
2025-09-09,Kindergarten,Unit 2,Teacher Guide,"Table Of Contents, Pg. I",,,Section B title has been updated to Count and Compare Groups of Images.,,2025-09-08
2025-09-09,Kindergarten,Unit 2,Teacher Guide,Center Overview,,141,"Number Race should not include Activities A3.3, A4.3, A5.3 and A6.3. Number Race is not introduced as a Center until Lesson 9.",,2025-09-08
2025-09-09,Kindergarten,Unit 3,Teacher Guide,"Section B, Lesson 13",,126,"The Learning Goals have been updated to use the word ""beside"" in both goals, instead of ""behind.""",,2025-08-15
2025-09-09,Kindergarten,Unit 4,"Teacher Course Guide, Lesson 15, Lesson Synthesis",,,304,The first dialogue prompt says ‚ÄúClare drew this picture to match the expression. She says that she can use the same drawing to match 5 ‚àí 3. What do you think?‚Äù The expression has been updated to 5 + 3.,,2025-07-30
2025-09-09,Grade 1,Unit 1,Teacher Guide,"Section A, Lesson 2 Warm-up",,24,"Changed title of Warm-Up to ""Counting Collections: Count to 39"" to match the directions in the Teacher's Notes.",,2024-03-19
2025-09-09,Grade 1,Unit 1,Teacher Guide,"Section B, Lesson 8, Warm-up",,70,"Changed response in ILC from ""B, C, and D go together because they are small and black"" to ""B, C, and D go together because they are small and purple"" to match student book and digital illustrations.",,2024-03-20
2025-09-09,Grade 1,Unit 1,Teacher Guide,"Section B, Lesson 8",,71,"Printable Teacher Resource Pack has shapes that are not filled to match the Teacher Edition. The correct TRP is linked under materials in 1.8. For those using the print TRP, the correspondence is black shapes to vertical stripe-filled shapes; gray shapes to dot-filled shapes; white shapes to white shapes.",,2024-07-29
2025-09-09,Grade 1,Unit 2,"Student Workbook, Section A, Lesson 2, Warm-up, Student Task Statement",,,9,"The question in the Warm-up should ask ""How can you act out this story?""",,2025-09-08
2025-09-09,Grade 1,Unit 2,Teacher Guide,"Section A, Lesson 3, Inspire Math Video Qr Code",,172,"QR code is linked to the incorrect Inspire Math video. It should be linked to Grade 1, Unit 2. URL is correct.",,2025-09-08
2025-09-09,Grade 1,Unit 3,Teacher Guide,"Lesson 1, Activity 2",,,"""Groups of 2"" has been removed from the Launch, as the activity is Independent.",,2025-08-15
2025-09-09,Grade 1,Unit 3,"Student Workbook, Section B, Practice Problem 1",,,70,"Practice Problem 1 is labeled as from Unit 1, Lesson 1. It has been updated as from Unit 1, Lesson 8.",,2025-08-15
2025-09-09,Grade 1,Unit 4,"Lesson 12, Activity 1",,,,Write Numbers Stage 2 Gameboard has been updated to reflect Counting by 10 and the correct number of spaces between the first and last numbers.,,2025-01-13
2025-09-09,Grade 1,Unit 4,Teacher Guide,"End-of-unit Assessment, Problem 4",,448,"Problem 4 has been updated to 31 __ 31, instead of 31 __ 831.",,2025-08-15
2025-09-09,Grade 1,Unit 5,"Teacher Resource Pack, Section B, Lesson 9 Cool-down",,,13,"The title of the Cool-down is incorrect and has been updated from ""Write Fractions"" to ""Find the Value.""",,2025-08-15
2025-09-09,Grade 1,Unit 5,Teacher Guide/teacher Resource Pack/student Workbook,"End-of-unit Assessment, Problem 4.",,18,"The sentence has been updated to ""Jada adds the ones.""",,2025-08-15
2025-09-09,Grade 1,Unit 6,Teacher Guide,"Teacher Resource Pack/ End-of-unit Assessment, Teacher Guide, Trp, Problem 3",,293,"The sentence has been updated for clarity, to ""A noodle is shorter than the pencil.""",,2025-08-15
2025-09-09,Grade 1,Unit 6,"Teacher Resource Pack, Blackline Master",,,81,Rectangle has been updated to measure 9 small paper clips when printed.,,2025-08-15
2025-09-09,Grade 1,Unit 7,Teacher Guide,"End-of-unit Assessment, Problem 6a",,171,The student response has been updated to 4:30.,,2025-08-15
2025-09-09,Grade 2,Unit 1,"Student Workbook, Section A. Pre-unit Practice Problem 2",,,27,Table has been adjusted to say Favorite Magical Power (not Favourite).,,2025-08-28
2025-09-09,Grade 2,Unit 1,"Student Workbook, Section A, Pre-unit Practice Problem 3",,,28,The number answers have been removed from the table.,,2025-08-28
2025-09-09,Grade 2,Unit 2,Teacher Guide,"Section A, Lesson 1, Warm-up",,183,"The image for Which Three Go Together Item D is correct on the ILC and incorrect in print. This has no impact on facilitating the routine as how the bars are labeled has no impact on students interpreting how this image is the same as, or different than, the 3 other images,",,2024-12-03
2025-09-09,Grade 2,Unit 2,Teacher Guide,"Section A, Lesson 2, Warm-up, Paragraph 1, Line 6",,201,"There is an incorrect number of tens in the Warm-up Narrative. It has been updated to ""For example, students may notice that the numbers across each row change by 1 ten and change by 5 tens in each column.""",,2025-08-15
2025-09-09,Grade 2,Unit 2,Teacher Guide,"Section C, Lesson 14, Activity 1",,294,"The teacher script should say ""Read each problem with your partner and solve it on your own. Show your thinking using drawings, numbers, and words.",,2025-09-08
2025-09-09,Grade 2,Unit 2,Teacher Guide,"Section C, Practice Problem 1b",,319,"Question 1b has been updated to ask ""How many comic books were on the shelf at first?""",,2025-09-08
2025-09-09,Grade 2,Unit 2,Student Guide,"Section C, Practice Problem 1b",,85,"Question 1b has been updated to ask ""How many comic books were on the shelf at first?""",,2025-09-08
2025-09-09,Grade 2,Unit 3,Teacher Guide,"Section B, Lesson 9 Cool-down",,93,The Cool-down has been updated to reflect the correct standard alignment. The Cool-down was 2.OA.B.2 and is now aligned with 2.MD.A.3 .,,2025-08-15
2025-09-09,Grade 2,Unit 3,Teacher Guide,"Section B, Lesson 13",,115,The breadcrumbs at the top of page 115 incorrectly show that a Cool-down is in this lesson. There is no Cool-down for Lesson 13.,,2025-08-15
2025-09-09,Grade 2,Unit 3,"Spanish Student Workbook, Lesson 16, Activity 2, Problem 4",,,,The number line incorrectly has 28 marked twice. This has been fixed in Spanish Digital.,,2025-08-15
2025-09-09,Grade 2,Unit 3,Teacher Guide,"Ca Section A, Lesson 2, Activity 2",,30,The measurement answers for e and f are incorrect. They have been updated to reflect e. 9 and f. 16.,,2025-08-15
2025-09-09,Grade 2,Unit 4,Teacher Guide,"Section B, Lesson 8, Activity 1, Problem 3",,242,The image has been updated to include 4 tick marks between 40 and 45.,,2025-08-15
2025-09-09,Grade 2,Unit 4,"Student Workbook, Section B, Lesson 8, Activity 1, Problem 3",,,38,The image has been updated to include 4 tick marks between 40 and 45.,,2025-08-15
2025-09-09,Grade 2,Unit 4,"Teacher Resource Pack, Blackline Master.",,,94,Card M has been updated to 63 - ? = 37,,2025-08-15
2025-09-09,Grade 2,Unit 5,"Teacher Resource Pack, Section B, Lesson 8 Cool-down, Problem 1b",,,12,The number line for 1a is not labeled correctly. It has been updated and labeled as 100.,,2025-08-15
2025-09-09,Grade 2,Unit 6,"Teacher Resource Pack, Lesson 11, Activity 2:, Halves And Quarters Cards",,,72,The time on Card D should read as 2 o'clock. The digital version of the Blackline Master (Card Sort Halves and Quarters Cards) as well as any digital components (Student task statement) have been updated to reflect this change.,,2024-08-15
2025-09-09,Grade 2,Unit 6,"Teacher Resource Pack, Lesson 12, Activity 1:, Count By 5 On The Clock Cards",,,74,The time on Card C should read as 8 o'clock. The digital version of this Blackline Master (Count by 5 on the Clock Cards) as well as any digital components (Student Task Statement) have been updated to reflect this change.,,2024-08-15
2025-09-09,Grade 2,Unit 8,Teacher Guide,"Section A, Lesson 1, Activity 2",,203,"Student workbook in the sidebar is mis-numbered. Student book, problems 1-3 (page 6) align to problem 1 in the TE, problem 4 (page 7) aligns to problem 2 in the TE, and problem 5 (page 7) aligns to problem 3 in the TE. The Student Task Statement pdf has been updated under Materials. Student Workbook has been updated online to reflect the changes.",,2024-07-31
2025-09-09,Grade 2,Unit 8,"Student Workbook, Section A, Lesson 3, Activity 2",,,6,Student workbook is misnumbered. Student book page 18 is labeled 3 and 4 and should be labeled 1 and 2. The Student Task Statement pdf has been updated under Materials. Student Workbook has been updated online to reflect the changes.,,2024-07-31
2025-09-09,Grade 3,Unit 1,"Teacher Resource Pack, Lesson 10 Activity 2, Card Sort: Equals Groups Cards",,,6,Card H in the Card Sort Equal Groups Cards now shows 4 groups of 3.,,2024-09-19
2025-09-09,Grade 3,Unit 1,Teacher Guide,"End-of-unit Assessment, Problem 2",,195,Roadrunner is one word.,,2025-08-28
2025-09-09,Grade 3,Unit 2,Teacher Guide,"Section A, Lesson 2, Cool-down",,229,The image has been updated in the digital cool-downs to fit 28 squares. The Teacher Guide does not show the new image which is slightly different.,,2025-09-08
2025-09-09,Grade 3,Unit 2,"Teacher Resource Pack, Cool-downs, Lesson 2",,,96,The image has been updated in the digital cool-downs to fit 28 squares. The Teacher Resource Pack does not show the new image which is slightly different.,,2025-09-08
2025-09-09,Grade 3,Unit 2,"Teacher Resource Pack, Use Square Tiles To Measure Area Handout",,,75,"In figure 4, the rectangle has been updated in the extracted PDF files to measure 5 inches by 6 inches.",,2025-09-08
2025-09-09,Grade 3,Unit 2,"Teacher Resource Pack, Same Rectangle, Different Units Handout",,,88-89,The grid paper has been updated in the extracted PDFs to inch and centimeter measurements.,,2025-09-08
2025-09-09,Grade 3,Unit 2,"Student Workbook, Section A, Lesson 3, Activity 2",,,13,"The question above the grid has been updated to say ""Draw a rectangle with an area of 8 square units on the grid"" to match the Teacher Guide.",,2025-09-08
2025-09-09,Grade 3,Unit 4,Lesson 12 Activity 1 Student Facing Table,,,,The names in the first two rows of the table were changed. Row 1 changed to Andre. Row 2 changed to Clare.,,2024-05-20
2025-09-09,Grade 3,Unit 4,"End-of-unit Assessment, Problem 5",,,,The expression in part a was changed to 80√∑8 to better align with the standard being assessed.,,2024-09-17
2025-09-09,Grade 3,Unit 5,Teacher Guide,"Section C, Lesson 13, Activity 2, Student Responses In Table",,,"In the table with student responses, in Column 6, Row 6, the fraction has been updated to 36 6 , instead of 40 8 .",,2025-08-15
2025-09-09,Grade 3,Unit 6,"Activity 1 Student Workbook ""halves And Quarters""",,,,"The illustrations of the inch worms are not aligned to the Teacher's Guide. The lengths to the nearest 1/4"" or 1/2"" are (a) 3 1/4"", (b) 4 3/4"", (c)1 3/4"" or 2"" or 8/4"" or 4/2"", (d) 2 3/4"" or 3"" or 12/4"" or 6/2"".",,2025-03-20
2025-09-09,Grade 3,Unit 6,"Section B Checkpoint, Problem 2",,,,The correct solution is 16 kilograms.,,2024-06-10
2025-09-09,Grade 3,Unit 6,Teacher Guide/student Workbook,"Section A, Lesson 3, Activity 1, Teacher Guide, Sw",,237,"The inchworms have been updated to reflect the following measurements: a. 4 inches, b. 5 3/4 inches, c. 2 1/4 inches, d. 3 1/2 inches or 3 2/4 inches.",,2025-08-15
2025-09-09,Grade 4,Unit 1,"Teacher Resource Pack, Family Support Materials, Try It At Home!",,,3,"The fourth bullet is incorrect and should say ""18 is a multiple of 6 because 6√ó3=18 .""",,2025-08-28
2025-09-09,Grade 4,Unit 1,Teacher Guide,"Section A, Lesson 3, Activity 2, Student Response",,38,"The student response for the second question should include 11 as a prime number. 2, 11, 23, and 31.",,2025-08-28
2025-09-09,Grade 4,Unit 2,Teacher Guide,"Table Of Contents, Pg. I",,,The eBook has been updated digitally. There are 17 lessons in the unit.,,2024-07-30
2025-09-09,Grade 4,Unit 2,Teacher Guide,"Section A, Lesson 5, Activity 1",,139,The number line for part b is not correctly partitioned into fifths or tenths.,,2024-09-25
2025-09-09,Grade 4,Unit 2,Teacher Guide,"Section A, Lesson 5, Cool-down, 143",,,Updated the fraction 10 22 to 10 12 .,,2024-09-17
2025-09-09,Grade 4,Unit 3,"Lesson 6, Activity 2",,,,"Problem 3 should say ""On Wednesday, 4 customers bought 2 milkshakes each. How much milk was used?""",,2024-10-24
2025-09-09,Grade 4,Unit 4,"Lesson 17, Activity 1",,,,"Change problem 1 from ""Altitude is the vertical distance from sea level. Here are the altitudes of 10 planes."" to ""Altitude is the vertical distance from sea level. Here are the altitudes of 9 planes.""",,2024-05-28
2025-09-09,Grade 4,Unit 4,"Lesson 16, Activity 1 Synthesis",,,,"Change ""Show the number line from the activity."" to ""Display a number line.""",,2024-05-31
2025-09-09,Grade 4,Unit 4,Teacher Guide,"Section C, Lesson 16, Activity 2",,392,"985,411 rounded to the nearest 1,000 is 985,000, and has been updated in digital.",,2025-08-15
2025-09-09,Grade 4,Unit 5,"Lesson 11, Activity 1 Student Task Statement, Problem 2",,,,The row marked as 4lb is marked as 84 oz in the print TE. It should be 64 oz. Updated digitally.,,2024-10-15
2025-09-09,Grade 5,Unit 1,Teacher Guide,"Section A, Lesson 1, Practice Problem 5",,49,"For option B, the image shown should have 8 cubes (assuming one cube is hidden).",,2025-08-28
2025-09-09,Grade 5,Unit 1,"Student Workbook, Section A, Lesson 1, Practice Problem 5",,,21,"For option B, the image shown should have an identical set of cubes behind the first layer.",,2025-08-28
2025-09-09,Grade 5,Unit 1,Teacher Guide,"Section C, Lesson 11, Practice Problem 4",,133,"The figure has been updated to show the 4ft measurement against the forward-facing side, moved to the left (indicating the short, right-facing side)",,2025-08-28
2025-09-09,Grade 5,Unit 1,"Student Workbook, Section C, Lesson 11, Practice Problem 4",,,69,"The figure has been updated to show the 4ft measurement against the forward-facing side, moved to the left (indicating the short, right-facing side)",,2025-08-28
2025-09-09,Grade 5,Unit 1,Teacher Guide,"Section A, Practice Problem 4",,49,"In the figure, the 2ft unit needs to move to the right, to align with the shortest side.",,2025-08-28
2025-09-09,Grade 5,Unit 1,"Student Workbook, Section A, Practice Problem 4",,,21,"In the figure, the 2ft unit needs to move to the right, to align with the shortest side.",,2025-08-28
2025-09-09,Grade 5,Unit 1,"Student Workbook, Section C, Lesson 11, Activity 2",,,61,The introduction to problem 1 has a typo. Raised-bed garden should only be mentioned one time in the first sentence.,,2025-08-28
2025-09-09,Grade 5,Unit 2,Teacher Guide,"Section A, Lesson 4, Activity 2, Synthesis",,189,"The student response to the 4th question has been updated to ""It represents how many thirds of gold each friend received and it represents the total amount of gold, in grams, being shared by the 3 friends.",,2025-09-08
2025-09-09,Grade 5,Unit 2,Teacher Guide,"Section C, Checkpoint C, Problem 1c",,232,Problem 1c answer key has been updated to 20 3 .,,2025-09-08
2025-09-09,Grade 5,Unit 2,"Student Workbook, Section C, Practice Problem 4",,,80,The curly bracket on the left side of the diagram should extend the length of the shaded region.,,2025-09-08
2025-09-09,Grade 5,Unit 2,Teacher Guide,"Section C, Practice Problem 4",,302,The curly bracket on the left side of the diagram should extend the length of the shaded region.,,2025-09-08
2025-09-09,Grade 5,Unit 2,"Student Workbook, Section C, Practice Problem 5",,,81,The curly bracket at the top of the diagram should extend the length of the shaded region.,,2025-09-08
2025-09-09,Grade 5,Unit 2,Teacher Guide,"Section C, Practice Problem 5",,303,The curly bracket at the top of the diagram should extend the length of the shaded region.,,2025-09-08
2025-09-09,Grade 5,Unit 2,Teacher Guide,"Section B, Lesson 8, Activity 1",,223,"The activity in the Teacher Guide states 8 minutes of independent time, but does not list how much time is to be spent in partners. This has been updated to 6 minutes independent work time, and 1-2 minutes partner work time.",,2025-09-08
2025-09-09,Grade 5,Unit 5,Section A Checkpoint,,,,"In Problem 3, the questions were reversed to ensure answers are correct (hundredths, then tenths).",,2025-01-31
2025-09-09,Grade 5,Unit 5,Lesson 23 Cool-down,,,,The first problem was updated.,,2025-01-15
2025-09-09,Grade 5,Unit 7,Section B Checkpoint,,,,"In Problem 2 part b, ""isosceles"" has been replaced with ""2 equal side lengths.""",,2024-07-18
2025-09-09,Grade 6,Unit 1,Teacher Guide,"Section B, Section B Checkpoint",,70-71,"The Responding to Student Thinking supports have been updated in the Teacher Guide, the Checkpoint Answer Key and in the digital Checkpoint.",,2024-06-05
2025-09-09,Grade 6,Unit 1,Teacher Guide,"Section C, Section C Checkpoint",,118-119,"The Responding to Student Thinking supports have been added in the Teacher Guide, the Checkpoint Answer Key and in the digital Checkpoint.",,2024-06-05
2025-09-09,Grade 6,Unit 1,Teacher Guide,"Section A, Lesson 1abc, Practice Problem 4",,33,"The answer to Problem 4 was corrected, to B, D, & E.",,2024-08-30
2025-09-09,Grade 6,Unit 1,Teacher Guide,"Section B, Lesson 4, Activity 2, Student Task Statement 1a",,79,"In Activity 2, parallelogram A has been updated so both the left and right sides have a length of 5 units.",,2024-08-28
2025-09-09,Grade 6,Unit 1,"Student Workbook, Section B, Lesson 4, Activity 2, Problem A",,,33,"In Activity 2, parallelogram A has been updated so both the left and right sides have a length of 5 units.",,2024-08-28
2025-09-09,Grade 6,Unit 1,Teacher Guide,"Section A, Lesson 3, Activity 1",,61,"In the students response for part A, the correct answer is 24. (2√ó6)+(4√ó3)=24",,2025-08-19
2025-09-09,Grade 6,Unit 1,Teacher Guide,"Section B, Lesson 5, Warm-up, Student Narrative",,,"There is a typo in the last question. It should read: ""How are they different?""",,2025-08-19
2025-09-09,Grade 6,Unit 1,Teacher Guide,"Section B, Lesson 4, Lesson Narrative: A Note About Notation",,73,"The ‚ãÖ and √ó symbols are missing from the second to the last sentence in the Lesson Narrative (a note about notation). It should read ""Explain that the ‚ãÖ symbol and the √ó symbol both represent multiplication.""",,2025-08-19
2025-09-09,Grade 6,Unit 1,Teacher Guide,"Section B, Lesson 6, Goals",,102,"The lesson goal ""Apply the formula for the area of a parallelogram..."" is repeated.",,2025-08-19
2025-09-09,Grade 6,Unit 1,Teacher Guide,"Section C, Lesson 8, Activity 1",,141,"For clarity, one of the strategies to monitor different ways of reasoning has been updated. ""For Triangle C, some students may choose to draw rectangles around and on the triangle (as shown here), find half of the area of the largest rectangle, half of the area of the smallest rectangle, and subtract the small area from the large area.""",,2025-08-19
2025-09-09,Grade 6,Unit 1,Teacher Guide,"Section C, Lesson 11, Practice Problem 6",,197,Practice Problem 6 has been updated in the Student Response to say a base and a height that multiply to 16 (not 24).,,2025-09-02
2025-09-09,Grade 6,Unit 1,Teacher Guide,"Section D, Lesson 16, Practice Problem 3",,278,"The current answer for A is wrong, therefore B will change as well. 3a. A and E 3b. A and B (if the volume is presumed to be 5 cubic units), or B and C, B and D, or C and D (if the volume is presumed to be 6 cubic units)",,2025-08-19
2025-09-09,Grade 6,Unit 1,Teacher Guide,"Unit-at-a-glance, Section C Learning Goals",,6,The Learning Goals for Section C have been updated for the third bullet to include the equation 1 2 ‚ãÖb‚ãÖh . Understand why the process of finding the area of a triangle can be abstracted as 1 2 ‚ãÖb‚ãÖh (or equivalent) and apply the formula to find the area of a triangle.,,2025-08-19
2025-09-09,Grade 6,Unit 1,Teacher Guide,"Section B, Lesson 5, Activity 2, Student Response",,95,"In the table, the base of parallelogram D should be 4 units, not 3. The link to the larger image in the Teacher Notes on Card 22 has been updated to the correct units. The table image in the Teacher Notes is incorrect.",,2025-08-28
2025-09-09,Grade 6,Unit 1,Teacher Guide,"Section A, Lesson 2, Activity 2",,41,"Access for Students with Diverse Abilities should say 2 small triangles, not medium.",,2025-09-02
2025-09-09,Grade 6,Unit 2,Teacher Guide,"Section E, Lesson 15",,224,The student response has been updated for 2b. The previous amounts were incorrect. Red: 25 ml Blue: 15 ml Maroon: 40 ml,,2025-08-20
2025-09-09,Grade 6,Unit 2,Teacher Guide,"Section E, Lesson 15",,225,"In the synthesis for Activity 1, the wording has been updated for clarity. It now reads, ""What values would each part of the diagram need to represent to show a 20 ml mixture of green paint? How do you know?""",,2025-08-20
2025-09-09,Grade 6,Unit 2,Teacher Guide,"Section E, Lesson 15 Practice Problem 4",,226,"The final row of Table A reads ""100"" for the student response under elapsed time. This is incorrect and should be 500.",,2025-08-20
2025-09-09,Grade 6,Unit 2,"Student Workbook, Section C, Lesson 10, Practice Problem 1",,,294,"Distances should be measured in inches within the context of the problem. The snail travels a distance in inches, not centimeters for consistency.",,2025-08-20
2025-09-09,Grade 6,Unit 2,Teacher Guide,"Section A, Lesson 1, Practice Problem 5",,29,Practice Problem 5 student answers should be labeled c m 3 and c m 2 .,,2025-09-08
2025-09-09,Grade 6,Unit 2,Teacher Guide,"Section C, Lesson 10, Activity 2",,143,"In the student response for the student task statement, the bottom line should be labeled number of tickets, not months of membership.",,2025-09-08
2025-09-09,Grade 6,Unit 3,Lesson 6,,,,"In Activity 1, 34 in the table was replaced with 84.",,2024-11-27
2025-09-09,Grade 6,Unit 3,Lesson 7,,,,The Launch for the Warm-up was revised to better align with the task.,,2024-08-28
2025-09-09,Grade 6,Unit 3,Teacher Guide,"Section A, Lesson 2",,38,The standard 6.RP.3.d should be added to the alignments table,,2025-08-21
2025-09-09,Grade 6,Unit 3,Teacher Guide,"Section A, Lesson 3, Practice Problem 5",,63,"Practice Problem 5 is from Unit 3 Lesson 1, not Unit 3 Lesson 8.",,2025-08-21
2025-09-09,Grade 6,Unit 3,Teacher Guide,"Section B, Lesson 5, Activity 2",,84,"In the Building on Student Thinking box, oatmeal is referenced. This has been updated to reflect the new context, kinche.",,2025-08-21
2025-09-09,Grade 6,Unit 3,Teacher Guide,"Section B, Lesson 5",,85,The table within the Lesson Synthesis has been updated to wheat from oats.,,2025-08-21
2025-09-09,Grade 6,Unit 3,Teacher Guide,"Section D, Lesson 17, Activity 1",,261,"In the second paragraph of the Launch, the last sentence has been revised to remove the number 12. It should be ""Consider color coding corresponding features in the two drawings as students explain.""",,2025-08-21
2025-09-09,Grade 6,Unit 4,"Student Workbook, Section B, Lesson 8, Activity 2, Problem 1",,,60,"In the second bullet, liters is referenced as the unit of measurement, but it has been corrected to cups.",,2025-08-26
2025-09-09,Grade 6,Unit 4,Teacher Guide,"Section B, Lesson 8, Activity 2, Problem 1",,124,"In the second bullet, liters is referenced as the unit of measurement, but it has been corrected to cups.",,2025-08-26
2025-09-09,Grade 6,Unit 4,"Student Workbook, Section B, Lesson 5, Warm-up",,,33,"The fraction bar image is incorrect in the row with the sevenths. It has been updated to show 14 1/7ths, not 13.",,2025-08-27
2025-09-09,Grade 6,Unit 4,"Teacher Workbook, Section B, Lesson 5, Warm-up",,,76,"The fraction bar image is incorrect in the row with the sevenths. It has been updated to show 14 1/7ths, not 13.",,2025-08-27
2025-09-09,Grade 6,Unit 5,"Student Workbook, Section C, Lesson 10, Practice Problem 2",,,241,"In Jada's work example, the division bar is one row too high, it has been corrected to sit above 657, as it is in Andre's work.",,2025-08-26
2025-09-09,Grade 6,Unit 5,Teacher Guide,"Section C, Lesson 10, Practice Problem 2",,161,"In Jada's work example, the division bar is one row too high, it has been corrected to sit above 657, as it is in Andre's work.",,2025-08-26
2025-09-09,Grade 6,Unit 5,"Student Workbook, Section C, Lesson 11, Lesson Summary",,,247,"The division problem modeled has been updated from 657 divided by 3, to 948 divided by 3, match the text.",,2025-08-26
2025-09-09,Grade 6,Unit 6,Teacher Guide,"Mid-unit Assessment, Option B Problem 7",,151,"The tape diagram for choice B was updated to reflect the values in the situation: 15.3, and 3.7, not 2.6",,2024-06-20
2025-09-09,Grade 6,Unit 6,"Student Workbook, Section B, Lesson 7, Activity 2, Problem 2b",,,330,"The third column is titled ""Elena"" but should be ""17 books"".",,2025-08-27
2025-09-09,Grade 6,Unit 6,Teacher Guide,"Section D, Lesson 16, Practice Problem 1",,213,"The x-axis has been labeled ""x""",,2025-08-27
2025-09-09,Grade 6,Unit 6,"Student Workbook, Section D, Lesson 16, Practice Problem 1",,,410,"The x-axis has been labeled ""x""",,2025-08-27
2025-09-09,Grade 6,Unit 7,"Student Workbook, Section C, Lesson 12, Warm-up",,,94,Graph B is incorrectly set up. The numerical values on the x-axis begin too close to the origin. It has been updated to show every value moved one tick mark to the right.,,2025-08-27
2025-09-09,Grade 6,Unit 7,Teacher Guide,"Section C, Lesson 12, Warm-up",,144,Graph B is incorrectly set up. The numerical values on the x-axis begin too close to the origin. It has been updated to show every value moved one tick mark to the right.,,2025-08-27
2025-09-09,Grade 6,Unit 8,"Ca Student Workbook, Section D, Lesson 14, Practice Problem 4",,,307,"Dot plot line are missing, and have been added in digital.",,2025-08-27
2025-09-09,Grade 7,Unit 1,Teacher Guide,"Section B, Lesson 8",,121,Maps throughout the lesson have been updated to include scales.,,2024-08-28
2025-09-09,Grade 7,Unit 1,Teacher Guide,"Section B, Lesson 10, Activity 2",,149-150,Student responses are incorrectly listed as c m 2 . They have been updated to m 2,,2024-08-28
2025-09-09,Grade 7,Unit 1,Teacher Guide,"Section A, Lesson 1, Activity 2 Synthesis",,26,"The Student Response for the second question has been updated to ""One pair of side can't be enough to tell that polygons are not scaled copies; all pairs of sides need to be checked to make sure a polygon is a scaled copy.""",,2025-08-19
2025-09-09,Grade 7,Unit 1,Teacher Guide,"Section A, Lesson 4, Activity 2",,65,"The Student Response for question 5 has been updated to say "" AB and EF are related by a scale factor of 2 3 , but DC and HG are related by a scale factor of 1 2 .",,2025-08-19
2025-09-09,Grade 7,Unit 1,Teacher Guide,"End-of-unit Assessment (b), Question 6",,195,"Question 6 Student Response has been updated for bullet 2, to replace California with San Francisco, to provide clarity and match the first bullet in the Student Response.",,2025-08-19
2025-09-09,Grade 7,Unit 1,"Student Workbook, Section A, Lesson 4, Practice Problem 1",,,34,"Option F has been updated to say ""Q has 2 acute angles and 2 obtuse angles.""",,2025-08-28
2025-09-09,Grade 7,Unit 1,Teacher Guide,"Section A, Lesson 4, Practice Problem 1",,71,"Option F has been updated to say ""Q has 2 acute angles and 2 obtuse angles.""",,2025-08-28
2025-09-09,Grade 7,Unit 1,Teacher Guide,"Section A, Lesson 4, Warm-up, Student Task Statement",,60,Questions 1 and 2 do not pertain to this activity. They have been removed from digital.,,2025-09-02
2025-09-09,Grade 7,Unit 1,"Student Workbook, Section A, Lesson 4, Warm-up",,,28,Questions 1 and 2 do not pertain to this activity. They have been removed from digital.,,2025-09-02
2025-09-09,Grade 7,Unit 2,Teacher Guide,"Section A, Lesson 3 Practice Problem 6",,64,The image of Picture M in Practice 6 was updated so the inner oval is 4 units across.,,2024-10-01
2025-09-09,Grade 7,Unit 2,Teacher Guide,"Section B, Lesson 4, Warm-up",,70,Option B in the Which Three Go Together? was changed to 4‚ãÖ?=20 .,,2024-06-13
2025-09-09,Grade 7,Unit 2,Teacher Guide,"Section D, Lesson 10, Activity 1, Problem 2",,152,"The graph in problem 2 should have the first point at (1, 8), not (1, 10).",,2025-09-08
2025-09-09,Grade 7,Unit 3,"Lesson 7, Practice Problems",,,,The solution for Problem 4a was corrected to use the diameter of 13 cm.,,2024-08-30
2025-09-09,Grade 7,Unit 3,"Lesson 9, Practice Problems",,,,The solution for 1b was corrected to 192œÄ .,,2024-08-30
2025-09-09,Grade 7,Unit 4,Teacher Guide,"Section C, Lesson 10, Practice Problem 7",,,"The student response in the table for Practice Problem 7 for the bottle cap with a radius of 13mm, should show a circumference rounded to the nearest tenth as 81.7 mm, not 82 mm.",,2025-08-21
2025-09-09,Grade 7,Unit 5,"End-of-unit Assessment (option A), Problem 1",,,,"Swapped answer options B and D, which now reads B. -5/2 + 7/2 is negative. D. (-3.7) + (-4.1) is positive; Updated Narrative to match changes. Students who select choice B may have misunderstood the problems as -5/2 - 7/2; Students who select choice D may have misread the problem as (-3.7) - (-4.1).",,2025-08-04
2025-09-09,Grade 7,Unit 7,"Lesson 2, Cool-down",,,,Problem #2 is missing from the Teacher Guide but included digitally.,,2024-10-10
2025-09-09,Grade 7,Unit 7,Glossary,,,,"Revised the definition of cross section: A cross section is the two-dimensional figure that is formed when a three-dimensional figure is sliced by a plane. For example, if a rectangular pyramid is sliced by a plane parallel to the base, the cross section is a rectangle.",,2025-06-13
2025-09-09,Grade 8,Unit 1,Teacher Guide,"Section A, Lesson 6, Cool-down",,87,"The second bullet was updated to ""Triangle T is translated 1 unit to the left.""",,2024-08-29
2025-09-09,Grade 8,Unit 1,Teacher Guide,"Mid-unit-assessment, Option B, Problem 2",,148,The choices for problem 2 were updated to accurately reflect the answer key.,,2024-09-24
2025-09-09,Grade 8,Unit 1,Teacher Guide,"Mid-unit Assessment, Option A, Problem 3",,140,Problem 3 has been updated to reflect the standards 8.G.A.1.a and 8.G.A.1.b,,2025-09-02
2025-09-09,Grade 8,Unit 1,Teacher Guide,"Section A, Lesson 1, Warm-up, Option B",,21,"Option B should be a right angle, not acute.",,2025-09-02
2025-09-09,Grade 8,Unit 1,"Student Workbook, Section A, Lesson 1, Warm-up, Option B",,,4,"Option B should be a right angle, not acute.",,2025-09-02
2025-09-09,Grade 8,Unit 1,Teacher Guide,"Section A, Lesson 5, Activity 1, Problem 1",,70,"Problem 1 should include the coordinates to find point E at (0, 3).",,2025-09-02
2025-09-09,Grade 8,Unit 1,"Student Workbook, Section A, Lesson 5, Activity 1, Problem 1",,,32,"Problem 1 should include the coordinates to find point E at (0, 3).",,2025-09-02
2025-09-09,Grade 8,Unit 2,Teacher Guide,"Section A, Lesson 3",,47,The lesson timeline is incorrect. Activity 2 has been updated to 20 minutes.,,2025-08-20
2025-09-09,Grade 8,Unit 2,Teacher Guide,"Section B, Lesson 7",,101,The lesson timeline is incorrect. The Warm-up has been updated to 5 minutes.,,2025-08-20
2025-09-09,Grade 8,Unit 2,Teacher Guide,"Section B, Lesson 8",,113,"The lesson timeline is incorrect. The Warm-up has been updated to 5 minutes, Activity 1 to 30 minutes, and Activity 2 to 10 minutes.",,2025-08-20
2025-09-09,Grade 8,Unit 2,Teacher Guide,"Section C, Lesson 10",,142,The lesson timeline is incorrect. The Warm-up has been updated to 10 minutes.,,2025-08-20
2025-09-09,Grade 8,Unit 2,Teacher Guide,"Section C, Lesson 11",,153,"The lesson timeline is incorrect. The Warm-up has been updated to 10 minutes, Activity 1 to 15 minutes, and Activity 2 to 10 minutes.",,2025-08-20
2025-09-09,Grade 8,Unit 2,Teacher Guide,"Section C, Lesson 12",,167,The lesson timeline is incorrect. Activity 1 has been updated to 15 minutes.,,2025-08-20
2025-09-09,Grade 8,Unit 2,Teacher Guide,"Section B, Lesson 6, Practice Problem 3",,96,"The image in Practice Problem 3 is mislabeled, and B' should be C'.",,2025-09-08
2025-09-09,Grade 8,Unit 2,"Student Workbook, Section C, Lesson 11, Warm-up, Figure E",,,229,Figure E has been updated to a slope of 1/4.,,2025-09-08
2025-09-09,Grade 8,Unit 2,Teacher Guide,"Section C, Lesson 11, Warm-up, Figure E",,150,Figure E has been updated to a slope of 1/4.,,2025-09-08
2025-09-09,Grade 8,Unit 3,Teacher Guide,"Section B, Lesson 7, Lesson Overview",,,"For Required Preparation, Activity 2 has been updated to Activity 1.",,2025-08-21
2025-09-09,Grade 8,Unit 3,Teacher Guide,Unit-at-a-glance,,,"The Section B Learning Goals have been updated to include the y in y -intercept. ""Interpret the slope and y-intercept of the graph of a line in context.""",,2025-08-21
2025-09-09,Grade 8,Unit 3,Teacher Guide,"Ca Section C, Lesson 11, Cool-down",,,The standard CCSS 8.EE.6 has been updated to 8.EE.6.,,2025-08-21
2025-09-09,Grade 8,Unit 4,End-of-unit Assessment,,,,The choice for problem 3 option A was updated so that this choice is incorrect.,,2025-01-10
2025-09-09,Grade 8,Unit 8,Teacher Guide,Unit Materials,,6,All unit activities and materials listed in Unit Materials and under Required Materials on each lesson intro page should be adjusted down by 1 number: (e.g. Activity 3 is now Activity 2) This does NOT apply to the lesson timeline at the bottom of the first page of each lesson. Digital pages are correct.,,2025-09-02
2025-09-09,Grade 8,Unit 8,Teacher Guide,"Section A, Lesson 1, Required Materials",,20,Materials to Copy: Making Squares Cutouts are listed as Activity 2. This has been updated to Activity 1. This also applies to the Unit Materials page.,,2025-09-02
2025-09-09,Grade 8,Unit 8,Teacher Guide,"Section B, Lesson 8, Required Materials",,98,Materials to Copy: A Transformational Proof Cutouts are listed as Activity 4. There is no Activity 4. This has been updated to Activity 3. This also applies to the Unit Materials page.,,2025-09-02
2025-09-09,Grade 8,Unit 8,Teacher Guide,"Section B, Lesson 12, Required Materials",,140,Materials to Gather and Materials to Copy: Pythagorean Theorem Cards are listed as Activity 2. There is no Activity 2. This has been updated to Activity 1. This also applies to the Unit Materials page. The Math Community Chart should be listed as Activity 1.,,2025-09-02
2025-09-09,Grade 8,Unit 8,Teacher Guide,"Section C, Lesson 14, Required Materials",,163,Materials to Gather and Materials to Copy: Rooted in the Number Line Cards are listed as Activity 3. There is no Activity 3. This has been updated to Activity 2. This also applies to the Unit Materials page. The Math Community Chart should be listed as Activity 2.,,2025-09-02
2025-09-09,Grade 8,Unit 8,Teacher Guide,"Section D, Lesson 17, Required Materials",,196,Materials to Copy: Some Numbers Are Rational Cards are listed as Activity 2. This has been updated to Activity 1. This also applies to the Unit Materials page.,,2025-09-02
2025-09-09,Algebra 1,Unit 1,Teacher Guide/student Workbook,"Section D, Lesson 10, Practice Problem 7, Teacher Guide/sw",,143,"The histogram has been updated to show the second bar reaching 9, not 10. Therefore, the total data points should be 25, not 26.",,2025-08-19
2025-09-09,Algebra 1,Unit 1,Teacher Guide,"Section A, Lesson 3 Cool-down",,47,"The student response for question 1 should show the vertical bar in the boxplot at 65, not 70.",,2025-08-19
2025-09-09,Algebra 1,Unit 1,Teacher Guide,"Section E, Lesson 16, Activity 2",,229,"The calculations in the Student Response are incorrect. Right-handed students' mean height should be 154.50cm, not 153.84cm and a standard deviation should be 40.50cm, not 41.67cm. For right-handed students, the new mean height should be 168.36cm, not 168.60cm with a standard deviation or 10.34cm, not 10.63cm.",,2025-08-19
2025-09-09,Algebra 1,Unit 1,Teacher Guide/student Workbook,"Section D, Lesson 13, Activity 2, Are You Ready For More? Teacher Guide/sw",,185-186,"""Look back at the tree data from the previous activity"" has been added before the first question in the Are You Ready for More section to clarify the situation.",,2025-08-19
2025-09-09,Algebra 1,Unit 1,Teacher Guide,"Section D, Lesson 9",,119-120,The Lesson Timeline should show the Warm-up as 10 minutes.,,2025-08-19
2025-09-09,Algebra 1,Unit 2,Teacher Edition: Lesson 11,"Activity 1; Student Response To Problem 2, First Bullet",,179,"Student response should be 12.5 for x, (12.5, 0).",,2025-07-25
2025-09-09,Algebra 1,Unit 2,"Student Workbook, Section B, Lesson 6",,,218,"In the Lesson Summary the sentence with equations in the last paragraph has been updated to ""This means that 2p=6.60 is not equivalent to 2p+0.50=6.10 .""",,2025-08-20
2025-09-09,Algebra 1,Unit 2,Teacher Guide,"Section A, Lesson 2, Practice Problem 6",,44,"Part B student answer has been updated to say ""The median is a better choice.""",,2025-08-20
2025-09-09,Algebra 1,Unit 2,Teacher Guide Section A,"Lesson 3, Practice Problem 7",,61,"The current problem stem asks for students to write an equation, where the solution given is only an expression. It has been updated to 225‚àí20w=d .",,2025-08-20
2025-09-09,Algebra 1,Unit 2,Teacher Guide,"Section A, Lesson 3, Activity 2, Student Task Statement",,54,"There is a typo in item 1 of Activity 2, and has been updated to ""The table represents the relationship between the base length and the height of some...""",,2025-08-20
2025-09-09,Algebra 1,Unit 2,Teacher Guide/student Workbook,"Section C, Lesson 6, Practice Problem 6, Teacher Guide./sw",,110,"The variable is missing from the question. It has been updated to ""Which equation could represent the total price in dollars for n bananas?""",,2025-08-20
2025-09-09,Algebra 1,Unit 2,Teacher Guide,"Ca Section C, Lesson 12",,197,"The standard A-REI.11 has been added to the Lesson Overview, Activity 1 and Activity 2 as an Addressing standard.",,2025-08-20
2025-09-09,Algebra 1,Unit 2,Teacher Guide,"Ca Section B, Lesson 10",,156,"The standard F-IF.7.a has been added to the Lesson Overview, Activity 1 and Activity 2 as an Addressing standard.",,2025-08-20
2025-09-09,Algebra 1,Unit 2,Teacher Guide,"Ca Section A, Lesson 1",,20,The standard A-SSE.1.a has been added to Activity 1 as an Addressing standard.,,2025-08-20
2025-09-09,Algebra 1,Unit 2,Teacher Guide,"Section C, Lesson 12, Practice Problem 9",,213,"Practice Problem 9 comes from Unit 2, Lesson 11",,2025-08-20
2025-09-09,Algebra 1,Unit 2,Teacher Guide,"Section C, Lesson 13, Practice Problem 7",,225,"Part A has been updated to: a. What was Elena's mistake? [Student Response} In the second line, Elena wrote 20y instead of ‚àí20y .",,2025-08-20
2025-09-09,Algebra 1,Unit 2,Teacher Guide,"Section C, Lesson 15, Warm-up",,246,1c has been updated to: Add the equation 4+3=7 to the equation 50+1=51 .,,2025-08-20
2025-09-09,Algebra 1,Unit 2,Teacher Guide,"Section C, Lesson 15, Practice Problem 5",,258,"The second equation in the system of equations has been updated to 3x‚àí5y=4 . Additionally, the student response should show B, C, and E circled.",,2025-08-20
2025-09-09,Algebra 1,Unit 2,Teacher Guide,"Section C, Lesson 16, Practice Problem 3",,275,The first equation in the system of equations at the top has been updated to y=3x .,,2025-08-20
2025-09-09,Algebra 1,Unit 3,Teacher Guide,"Sections B, C, And D, Lessons 5, 6, 8, And 10, Instructional Routine",,,"The Instructional Routine throughout the Unit has been updated from ""Fix It"" to ""Fit It"".",,2025-08-21
2025-09-09,Algebra 1,Unit 3,Teacher Guide,"Section C, Lesson 7, Activity 1",,,"Activity 1 is a PLC activity, and has been updated to include the PLC icon.",,2025-08-21
2025-09-09,Algebra 1,Unit 3,Teacher Guide,"Ca Section B, Lesson 5",,,Updated to include S-ID.6.b in Building towards.,,2025-08-21
2025-09-09,Algebra 1,Unit 6,Check Your Readiness - Pre-unit Diagnostic Assessment,,,,Added Addressing Standard 7.EE.B.3 in Problem 7 and Addressing Standard 7.EE.A.2 in Problem 8,,2025-07-25
2025-09-09,Geometry,Unit 1,"Student Workbook Section A, Lesson 6",,,54,"In the Lesson Summary, information was added above the diagrams and below the bullet points to match changes in the Teacher Guide. ""These diagrams illustrate both types of constructions.""",,2025-08-19
2025-09-09,Geometry,Unit 1,"Student Workbook Section A, Lesson 2 Warm-up",,,15,"Student workbook has bee updated to match the Teacher Guide labeling of a, b, c, d instead of 1, 2, 3, 4.",,2025-09-19
2025-09-09,Geometry,Unit 1,Teacher Guide,"Section B, Lesson 10, Activity 2",,148,"The Student Task Statement for question 2 is missing ""See diagram.""",,2025-08-19
2025-09-09,Geometry,Unit 1,"Student Workbook, Section C, Lesson 16, Practice Problem 7",,,,"The fourth image is mislabeled Translation 2, and has been corrected to Translation 4.",,2025-08-20
2025-09-09,Geometry,Unit 1,"Student Workbook, Section B, Lesson 10, Practice Problem 6",,,101,"The answer options a, d, and e are incomplete. They have been updated to a. AD=BD, d. EA+ED, and e. ED=DB",,2025-08-20
2025-09-09,Geometry,Unit 1,Teacher Guide,Unit-at-a-glance,,3,"Section D Goals are listed twice, Section E should say ""There are no new goals for this section.""",,2025-08-20
2025-09-09,Geometry,Unit 1,Teacher Guide,"Section B, Lesson 11, Warm-up",,159,"The second bullet in the Activity Synthesis for the Warm-up has been updated to say, ""What specific information do you need to find out the image of triangle TDG?""",,2025-09-03
2025-09-09,Geometry,Unit 1,Teacher Guide,"End-of-unit Assessment, Problem 2",,333,Construction C has been updated to show the A on the right side of the image as A'.,,2025-09-03
2025-09-09,Geometry,Unit 2,Teacher Guide,"Section B, Lesson 8, Activity 3, Launch",,138,"The Launch has been updated. It now says, ""Display one of the correct, complete student-created diagrams from the Cool-down of the Side-Angle-Side Triangle Congruence lesson.""",,2025-08-20
2025-09-09,Geometry,Unit 2,Teacher Guide,"Section B, Lesson 11 Warm-up",,167,The Building On standard 7.G.B.8 has been replaced with G-CO.B.8,,2025-08-20
2025-09-09,Geometry,Unit 2,Teacher Guide,"Section B, Lesson 10, Lesson Overview",,151,"The timeline incorrectly shows the Warm-up as 5 minutes, when it should be 10 minutes.",,2025-08-20
2025-09-09,Geometry,Unit 2,Teacher Guide,"Section B, Lesson 11, Warm-up",,167,"In the Student Task Statement, the third bullet point should say: Segment DG is congruent to segment IK .",,2025-08-20
2025-09-09,Geometry,Unit 2,Teacher Guide,"Section A, Lesson 3, Warm-up",,45,"In the Student Task Statement, the 2nd bullet point has been revised to: Segment AB is longer than segment A ‚Ä≤ B ‚Ä≤ .",,2025-08-20
2025-09-09,Geometry,Unit 2,Teacher Guide,"Section A, Lesson 2, Warm-up",,28,"In the Student Task Statement question 2, the student response is wrong. It should say ""LYXB isn't the name of the quadrilateral shown. LXYB is one way to name that shape.""",,2025-08-20
2025-09-09,Geometry,Unit 3,Teacher Guide,"Section B, Lesson 9, Activity 1",,,"In the Activity Synthesis, the similarity of the triangles has been updated to ‚à†A‚âÖ‚à†C,‚à†DEA‚âÖ‚à†BEC,so‚ñ≥DEA‚àº‚ñ≥BEC .",,2025-08-21
2025-09-09,Geometry,Unit 3,Teacher Guide,Section B Lesson 12,,,"In the timeline, Activity 2 has been updated to 15 minutes, from 10 minutes.",,2025-08-21
2025-09-09,Geometry,Unit 3,Teacher Guide,"Section B, Lesson 6, Activity 2",,,"In the Activity 2 Launch, the statement has been updated to ""Translation and dilation takes ‚ñ≥ABConto‚ñ≥FDE,so‚ñ≥ABC‚àº‚ñ≥FDE .""",,2025-08-21
2025-09-09,Geometry,Unit 3,Teacher Guide,"Section B, Lesson 6, Activity 2",,,"In the student response for question 2 of the Student Task Statement, the ‚ñ≥ is missing before ABE.. ""... ‚ñ≥ABE‚àº‚ñ≥QRT .""",,2025-08-21
2025-09-09,Algebra 2,Unit 1,Teacher Guide,Instructional Routines,,,"All Instructional Routines in the orange box that are titled ""Fix It"" have been updated to ""Fit It""",,2025-08-19
2025-09-09,Algebra 2,Unit 1,Teacher Guide,"Section A, Lesson 3, Warm-up",,41,"The student task statement for the warm-up has been updated to: Consider the function ùëì given by ùëì(ùëõ) = 3ùëõ ‚àí 7. This function takes an input n, multiplies it by 3, then subtracts 7 to get an output ùëì(ùëõ).",,2025-09-03
2025-09-09,Algebra 2,Unit 2,Teacher Guide,"Section A, Lesson 2, Activity 2",,34,"In the Access for Multilingual Learners box, MLR6: Three Reads has been updated to say ""See Launch""",,2025-08-20
2025-09-09,Algebra 2,Unit 2,Teacher Guide/student Workbook,"Section A, Lesson 2, Teacher Guide/sw Practice Problem 2",,40,"After the equation x=1+r , there should be a period instead of the multiplication symbol. The next sentence starts with $500.",,2025-08-20
2025-09-09,Algebra 2,Unit 2,"Student Workbook, Section D, Lesson 12, Activity 1",,,118-119,"The questions in Activity 1 have been renumbered 1, 2, 3, 4, not 4, 5, 6, 7.",,2025-08-20
2025-09-09,Algebra 2,Unit 2,"Student Workbook, Section D, Lesson 15",,,151,"In the Lesson Summary, there is a minus sign in the 3rd line of the remainder example that should be deleted.",,2025-08-20
2025-09-09,Algebra 2,Unit 2,Teacher Guide,"Section D, Lesson 13, Activity 1, Problem 2",,205,Problem 2 in Activity 1: The dividend is incomplete. It should be 2 x 2 ‚àí7 x 2 +x+10,,2025-08-20
2025-09-09,Algebra 2,Unit 2,Teacher Guide,"Section D, Lesson 13, Cool-down",,212,In the dividend it should show x 3 +10 x 2 +23x‚àí132 . In the answer (quotient) it should read x 2 +21x+208 .,,2025-08-20
2025-09-09,Algebra 2,Unit 3,Teacher Guide,Table Of Contents And Section C,,,"The title for Section C has been updated to Polynomial Identities, not Rational Functions.",,2025-08-21
2025-09-09,Algebra 2,Unit 3,Teacher Guide/student Workbook,"Lesson 1, Lesson Summary",,,"The Lesson Summary has a typo. In the 6th paragraph, 2nd sentence, the word fraction has been updated to function. It now reads ""Rational functions are functions with polynomials in the numerator and denominator.""",,2025-08-21
2025-09-09,Algebra 2,Unit 3,Teacher Guide,"Lesson 10, Activity 2",,,"Question 1 student responses for the Student Task Statement in Activity 2 should be: Second day: 11,440; Third day: 10,067; Fourth day: 8,859.",,2025-08-21
